id,type,text1,text2,text3,notes
acs_troopernew,SHIP,"General Use, Multi-Role, Aerial Combat Suit. A mass produced modified marine combat suit with Standard Issued EVA modification and armament. This suit fill both role of Ground Operation Aerial Support and Space Engagement. Armed with enchanced vulcan HMG and a single use SABOT missile make the suits deadly against shielded enemy on their first engagement. Capable to engage with up to weaker combat freighter and at the same time able to fill the role to harrass enemy frigates and their cruiser.",,,
acs_gunner,SHIP,This suits is heavy duty modification of their more versatile brother. Equipped with heavier armor and shield as well minified version of Assault Chaingun. This suits spell doom to any unarmored ships.,,,
acs_watchmannew,SHIP,"Cheap, Durable, And Reliable. This suits is favorite of every ships captain in the sector from pirates, mercenary, to trade and exploration vessel. This Suits fills both role of Interceptor and Fighter, Often regarded as cheaper alternative to Trooper suits. This suits is basicly a heavilly modified Peasant Suit with more and better armor and militarized system along with makeshift shield emitter making this suits an ideal choices for many role including Ground Operation Aerial Support Mission. This suits is equiped low powered shield emitter capable to protect the pilots from first enemy point of defense counter-attack combined with Enchanced MG commonly found in low grade vanilla marine suits and with a handful of Swammer Missile make them capable to engage and do some damage to bigger frigates and cruiser before retreating. An ideal choices for every common ships captain in the sector!",,,
acs_peasantnew,SHIP,"Originally use to do heavy duty and protect miners from hazardous mining envirotment. This Suits now serve as cheap fighters for poor unlucky pirates or a desperate rebel miners. Not a fun thing to pilot. Equipped with barely sufficient EVA unit modification and a single poorly armed LMG is regarded is good enough. This Suits is widely regarded as iron coffin by their pilot and those who unlucky enough to pilot it generally won't come back alives, heavy loss of crew is guarranted. This Suits is so poor that the only redeeming feature of it slighty stronger armor and hulls than talons and cheap to replace. People often compare this to talon but without missile, weaker armament, and slower movement speed.

Interestingly this suits has found it own charm with suicidal pirates and those impetentous fanatic pather.",Interestingly this suits has found it own charm with suicidal pirates and those impetentous fanatic pather.,,
acs_drifter,SHIP,"An powerful heavy destroyer armed with large composite mount and couple of fighter bay, good armor and hulls, also come with cheap surveying equipment and built-in salvage gantry.
 
 a perfect exploration vessel if not for its awfully terrible lack of speed and pd, make this ship allergic to wolfpack and faster more manuverable ship.
 
 this slow engine also means that it cant easily retreat when being pursued, especially when its burn drive system is in cooldown.",,,
acs_drifter_new2,SHIP,"An powerful heavy destroyer armed with large composite mount and couple of fighter bay, good armor and hulls, also come with cheap surveying equipment and built-in salvage gantry.
 
 a perfect exploration vessel if not for its awfully terrible lack of speed and pd, make this ship allergic to wolfpack and faster more manuverable ship.
 
 this slow engine also means that it cant easily retreat when being pursued, especially when its burn drive system is in cooldown.",,,
acs_drifter_new2_frigcarrier,SHIP,"An powerful heavy destroyer armed with large composite mount and couple of fighter bay, good armor and hulls, also come with cheap surveying equipment and built-in salvage gantry.
 
 a perfect exploration vessel if not for its awfully terrible lack of speed and pd, make this ship allergic to wolfpack and faster more manuverable ship.
 
 this slow engine also means that it cant easily retreat when being pursued, especially when its burn drive system is in cooldown.
 
 This one have it main hangar converted to host, maintain, and assemble small defensive frigates, able to provide additional firepower during combat without stretching logistic too much.",,,
acs_exploraria2,SHIP,"A do-it-all modular exploration battle freighter designed for deep and long expedition alone.
 
 originally intended to be an upgrade of mule, it now outfitted with a proper flight deck, an composite weapon system, and generous ammount cargo and fuel compartment suitable for long distance isolated techmining expedition. 

 All those upgrade however came at the cost of reduced armor and hull and weaker more rugged and slower engine, making it more of sitting duck in face of more manuverable and faster ship.

 The effect of this slow engine weakness are somewhat mitigated with integration of burn drive system.
 
 An added salvage gantry, awesome weapon system, and general rugged and low maintanance system making it an favorite of among many indepedent actor, particulary among scavenger, nomadic wanderer, and indepedent defense force who wish for a defense ship that can fullfill variety of role for cheap.",,,
acs_mook,SHIP,"A cheap hacked drone lpc recycled using part of domain explorarium derelic. often seen as better alternative than borer wings,this drone feature an light assault gun to suppress the enemy, its weaker armor and hulls however, make it more of distraction than a threat.",,,
acs_mook_r,SHIP,"A cheap hacked drone lpc recycled using part of domain explorarium derelic. often seen as better alternative than borer wings,this drone feature an light assault gun to suppress the enemy, its weaker armor and hulls however, make it more of distraction than a threat.

This one is built-in version of the drone, removed fighter ai make it impossible to leave it mothership in exchage of this, this version is outfitted with additional pd laser and 2 more addition to its units.",,,
,,,,,
acs_kerbeross,SHIP,"An upgraded, militarized version of cerberus, mainly intended for escort in deep expedition into uncharted region, fitted a proper drone bays and composite mount make this a versatile frigates able to perform variety of different role.

All this upgrade however come in the cost of removal of most cargo container as well as much robust and slower burn engine.

Popular with scavenger and indepedent militia convoy, also ocasionally a wealthier pirates band.",,,
,,,,,
acs_auxilia,SHIP,"An upgraded shepherd, using hacked shepherd blueprint. Herdsman is much more larger and better defended vessel with sturdy hulls and specialized artillery targeting system to deter would be raider.

This upgraded version of shepherd also come with it own hacked drone autofactory to produce defense version of Mook hacked LPC, despite it long and bigger hulls, it still classified as frigates due various reason and still not advisable to be used as main combat ship.

All this upgrade also include an salvage gantry and ample of cargo and fuel storage to be self-sustainable in long journey in the expedition.

Favorite of small indepedent scavenger, nomad, and free people in the sector.",,,
,,,,,
acs_mil_buffalo,SHIP,"Inspired by pirates Buffalo Mk.II, Independent shipbuilder devise an Buffalo Mk.IV an essentially an upgraded militarized Buffalo Cargo Freighter. 

Complete with militarized subsystem, composite weapon mount, and much more better added hulls and armors (scrapped from collossus) give it enough edge to buy time for escorted vessel to escape an unwinnable battle, It even boast an fighter autofactory, albeit outdated and further downgraded version of the usually found in sector, and to add insult to injury, its standard shield generator replaced by cheaper secondhand bootlegged version of it commonly found in pirates market.

 It additional armor and hulls also make it more slower that their pirates counterpart. That being said it do boast an respectable ammount of storage and fuel capacity and canister flak ship subsystem to avoid getting one shoted by missile or fighter barrage.

 Popular choice for indepedent actor across sector, due its cheapness, rugged realibility, and widespread sparepart for ease of maintanance. particullary with poor indepedent planetary militia and mercenary who can't affor proper warship, also popular with explorer and deep space scavenger around sector for it ease of maintanance and versability versus its cost-effectiveness.

 It do a good jobs for what essentially converted civilian ship though still fall behind proper combat warship. That said most enemy it encounter also a junk, so its good most of time.",,,
acs_vigiles,SHIP,"Vigiles Class Freighter a popular alternative to the ubiquitous Buffalo Freighter, This vessel feature a dedicated modular modification package that allow it to quickly converted to many different variant be it transport ship, mining ship, or even a somewhat capable warship.

Its rugged and strong hulls offer more protection compare to more ubiquitous Buffalo, a shared component and hull with Tarsus and Collossus freighter also give it fairly cheap logistical profile making it more cheap both to manufacture and maintanance, It also offer an dedicated place for weapon mount owing it origin as frontiersman freighter where a gun is a must to deter any would-be bandit, Sadly its more that average weight, and its dedicated modular system take tolls of its cargo space, and more strong, rugged but slower engine to push itself with all those weight. 

Originally only used in frontier mostly lawless space to transport goods and cargo in hostile space, this ship now found new thriving life in post-collapse persean sector, where it rudgedness, durability, and modularity greatly appreciated by all kind of denizen of the sector.

Although less effective in terms of being an actual cargo freighter, Vigiles still popular due it extensive dedicated modification packaged and its cheap logistical profile, allowing it to perform many role at more or less decent perfomance, be it a mining ship, transport ship, or even warship, While its good militarized package a godsend for poor planetary militia or indepedent common folk of sector, its also mean that is widely popular with pirate and other unlawful actor of the sector due how easily to turn it into dedicated warship.",,,
acs_medium_hag,WEAPON,"An essentially an downscaled version of ubiquitous Haephestus Assault Gun, Using smaller and shorter barrel mean for much smaller, and weaker but light ammunition allow this gun to pepper enemy from affar",,,
acs_medium_minihag,WEAPON,"A single barreled version Kothar Assault Gun, Sethlans offer much more versatile role and stronger munition round in exchange for shorter engagement range. Equipped with PD targeting AI, this gun can serve as a general purpose gun, capable to perform PD functionality as well as assault capability at reasonable effectiveness.",,,
acs_small_flakhag,WEAPON,"A rather smaller deriative of its bigger brother Sethlans and Kothar, Ulka exchange its aggressive assault capability in exchange for PD capability, replacing its gun barrel with downscaled mini flak cannon, this gun are excellent anti-missile capability, intended to give ship with few PD mount an better capability at destroying incoming missile barrage. This however came at cost of much shorter range compare standard flak cannon, and weaker round that only effective to common missile and torpedo, it began struggle againts much faster, and stronger missile projectile, and ineffective against fighters.",,,
,,,,,
acs_toyhammer_small,WEAPON,"A chopped off, more smaller and weaker deriative of Hammer torpedo, carrying smaller fragmentation payload commonly use for blowing smaller asteroid junk, this torpedo is has been repurposed to become a weapon of war, its smaller, more compact frame allow it to be fitted to autoloader albeit its downgraded, much slower one. And its weak fragmentation payload however means that its is ineffective to all but unarmored hulls, its also further limited by its cheap modular autoloader, that make it perform burst barrage not even possible. Commonly used in number to mitigate its autoloader ineffectiveness. a good suppresion torpedo.",,,
acs_toyhammer_small2,WEAPON,"A chopped off, more smaller and weaker deriative of Hammer torpedo, carrying smaller fragmentation payload commonly use for blowing smaller asteroid junk, this torpedo is has been repurposed to become a weapon of war, its smaller, more compact frame allow it to be fitted to autoloader albeit its downgraded, much slower one. And its weak fragmentation payload however means that its is ineffective to all but unarmored hulls, its also further limited by its cheap modular autoloader, that make it perform burst barrage not even possible. Commonly used in number to mitigate its autoloader ineffectiveness. a good suppresion torpedo.",,,
acs_toyhammer_medium,WEAPON,"A chopped off, more smaller and weaker deriative of Hammer torpedo, carrying smaller fragmentation payload commonly use for blowing smaller asteroid junk, this torpedo is has been repurposed to become a weapon of war, its smaller, more compact frame allow it to be fitted to autoloader albeit its downgraded, much slower one. And its weak fragmentation payload however means that its is ineffective to all but unarmored hulls, its also further limited by its cheap modular autoloader, that make it perform burst barrage not even possible. Commonly used in number to mitigate its autoloader ineffectiveness. a good suppresion torpedo.",,,
,,,,,
,,,,,
acs_phaetonmkii,SHIP,"Foederati Class Militarized Tanker, Or better known as Phaeton Mk.II, is a upgraded, militarized version of it civilian cousin the phaeton logistic tanker

Featuring an upgraded ship subsystem to that commonly found in hegemony auxilia, this ship can withstand a longer combat deployment and stress compare to its civilian cousin similar to most combat ship of its class

An upgraded flux management system ripped from enforcer give this ship a good combat rated capability of line destroyer, and removal of most fuel tank make a room for a better armored and thicker hulls, it also boast an drone forge vat to help bolster its defense capability

Made by Indepedent for Indepedent, Commonly found in the hands of indepedent military flontila, this ship also find its use in the hand of mercenary and pirates alike, and although most of its fuel tank removed, its still hold good size of fuel compartment, able to serve as auxiliary tanker at the same time, an added salvage gantry also make it popular with scanverger and deep space explorator.",,,
,,,,,
acs_bigmookfrig,SHIP,An autonomous frigate size Escort Drone ship assembled from part of derelic drone designed to provide mobile autonomous escort for its mothership and reduce manpower and logistical problem of employing manned escort frigate for small expeditionary fleets.,,,
acs_mod_collossus,SHIP,"A Frigates Carrier Galleon derived from a heavily modified part of Phaeton tanker that kitbashed into a shape of a ship part by part, designed to hold a pre-assembled defense drone frigate to assist the fleet during combat, made as a solution for those who wanted an frigate escort but not the burden of maintaining and refuiling it that come as cost of buying one. This frigate carrier is loved by deep space explorator captain who like to have an escort vessel for their fleet while not hurting their fleet logistic and fuel cost too much.",,,
acs_velites_single,WEAPON,"A skirmish missile designed to harrass enemy vessel with its weak energy base payload, launch a barrage of 3 missile at succession before it need to be reloaded, come with an autoloader",,,
acs_bigmookrailslauncher,WEAPON,A large hangar size launcher designed to launch assembled autonomous drone frigates,,,
,,,,,
acs_mookrailslauncher,WEAPON,"A modular drone dispenser capable launching pre-assembled mook drone to provide assistance in combat, its modular nature give any ship with medium missile mount an makeshift drone fighter capability.",,,
,,,,,
acs_modatlas,SHIP,"Also known as Atlas Mk.IV, An up-armored and up-gunned variant of Atlas Mk.II made by independent scrapworker with some help by ""Reformed"" pirates engineer, this ship serve as go-to budget line ship that can hold the line, it only drawback was its origin as civilian freighter and terribly awful PD and manuverability engine, desperately need side escort if it doesn't want to get shooted on the flank and rear.",,,
,,,,,
acs_backupmg,WEAPON,"An extremely ineffective and cheap PD turret that born out of neccessity, it has it origin as a realiable PDF militia infantry MG that very effective in its inteded role, yet in this desperate time, poor and desperate spacer adapt this infantry MG into makeshift ship PD turret role that ineffective against pretty much everything, it only redeeming feature its it very cheap ordinance cost that cost pretty much nothing.",,,
,,,,,
acs_raiderdrive,SHIP_SYSTEM,"Apply damper field, increases weapons firerate, ship speed, and reduces ballistic flux consumption, at cost of weapons system being disabled for 3 second after end.",,,
acs_commitatensis,SHIP,"Comitatenses are generalist heavy line destroyer, a jack-of-all trades that offer tough armor, decent flux generator, and flexible weapon system. It also come equipped with ""Raider Lunge"" subsystem hit hard and safe deep inside enemy line. Officially an independent innovation, this ship is made using many recycled part of Domain Explorarium Drone and stolen Tri-Tach prototype blueprint captured during second AI Wars.",,,
,,,,,
acs_ripenses,SHIP,"Ripenses Class Line Destroyer, is a post-collapse design made by independent scrapworker, to meet the demand of sector scavenger for a rugged, well-armed cheap line frigate that able hold their line in combat and helping around scavenging and exploring remain of their enemy aftermath the battle. Build to last and to defend deep exploration scavenger fleet, this ship is slow compare to other of its class, designed to take a punch and pack a well-armed and versatile number weapon mount, this ship is good choice for small scale exploration and scavenging fleet, aim to protect other and deliver rain of munition with their built-in enchanced ammofeeder",,,
,,,,,
acs_small_lascannon,WEAPON,"An upgunned, charged version of lasgun that fire bolt of condesed plasma that deal respectable ammout of damage to ship hull. Designed for anti-ship measure, this weapon would be perfect if not for its slow moving projectile that rarely hit its target, its most attractive feature however was its simple design that make it able to be mounted on small weapon slot, mostly credited for giving a chance for relatively underarmed frigate against more bigger ship, an good anti-ship cannon that can be mounted on small weapon slot.",,,
acs_medium_lascannon,WEAPON,"An upgunned, charged version of lasgun that fire bolt of condesed plasma that deal respectable ammout of damage to ship hull. Designed for anti-ship measure, this weapon would be perfect if not for its slow moving projectile that rarely hit its target, its most attractive feature however was its simple design that make it able to be mounted on small weapon slot, mostly credited for giving a chance for relatively underarmed frigate against more bigger ship, an good anti-ship cannon that can be mounted on small weapon slot. This one is double barrel medium mount version of commonly found in the market",,,
,,,,,
acs_small_lasgun,WEAPON,"A generalist laser turret that make use of condesed plasma bolt that both logistically cheap munition and rugged as hell, their damage ration is a worse that standard pulse laser gun, but able to be mounted on ballistic weapon slot due to their utilitarian design and simple mechanism.",,,
acs_medium_lasgun,WEAPON,"A generalist laser turret that make use of condesed plasma bolt that both logistically cheap munition and rugged as hell, their damage ration is a worse that standard pulse laser gun, but able to be mounted on ballistic weapon slot due to their utilitarian design and simple mechanism. This one is double barrel medium mount version of commonly found in the market",,,
,,,,,
acs_velites_pod,WEAPON,"An medium version of Velites MRM system encapsuled in missile pod, able to deliver more than twice of its smaller brother.",,,
,,,,,
acs_rorariirailslauncher,WEAPON,A large hangar size launcher designed to launch assembled manned defense frigates,,,
,,,,,
acs_rorariifrig,SHIP,"Rorarii-Class manned defense frigate, is pre-assembled pocket frigates designed to be launched from its mother vessel, mainly developed for deep space scanveger expeditionary fleet for cheap fleet escort frigate that didn�t take extra fuel and maintanance cost as an cheaper alternative of buying additional frigates for fleet roster. Assembled on-site.",,,
,,,,,
acs_explorantores,SHIP,"Explorantores Deep Space Expedition Freighter, an post-collapse independent design of deep space exploration vessel, that when used alone can reach the deepest of outer sector with its adaptive fuel tank management system, great for deep space sensor expedition and its related activity.",,,
,,,,,
acs_modatlas_frigcarrier,SHIP,"Also known as Atlas Mk.IV, An up-armored and up-gunned variant of Atlas Mk.II made by independent scrapworker with some help by ""Reformed"" pirates engineer, this ship serve as go-to budget line ship that can hold the line, it only drawback was its origin as civilian freighter and terribly awful PD and manuverability engine, desperately need side escort if it doesn't want to get shooted on the flank and rear.",,,
,,,,,
acs_modprom,SHIP,"Thanvare Line Tireme, or better known as Promentheus Mk.III is independent made battlecarrier made out Promentheus hull, its design clearly inspired (or derived) by the pather Prometheus Mk.II with exception that many of its shipsystem has fully militarized unlike the jurry-rigged nature of its pather cousin, somewhat designed as budget legion, this battlecarrier are designed to go alongside Sparabara as their vanguard while hurling missile and fighter support behind them, with proper fully militarized system, proper flight deck, generous logistic profile (with many part shared with its base prometheus hull), and awesome weapon mounth flexibility, this ship got everything captain need to fill the role fleet battlecarrier anchor if not for the fact it suffer from weak flux management system (despite much more better than the pather one), and lower shield arc to make space for all those afromentioned upgrade, that being said, it does equipped with fairly heavy armor and hull dampener system to protect themselves when encountering threat beyond its capability.",,,
acs_modprom_frigcarrier,SHIP,"Thanvare Line Tireme, or better known as Promentheus Mk.III is independent made battlecarrier made out Promentheus hull, its design clearly inspired (or derived) by the pather Prometheus Mk.II with exception that many of its shipsystem has fully militarized unlike the jurry-rigged nature of its pather cousin, somewhat designed as budget legion, this battlecarrier are designed to go alongside Sparabara as their vanguard while hurling missile and fighter support behind them, with proper fully militarized system, proper flight deck, generous logistic profile (with many part shared with its base prometheus hull), and awesome weapon mounth flexibility, this ship got everything captain need to fill the role fleet battlecarrier anchor if not for the fact it suffer from weak flux management system (despite much more better than the pather one), and lower shield arc to make space for all those afromentioned upgrade, that being said, it does equipped with fairly heavy armor and hull dampener system to protect themselves when encountering threat beyond its capability. This one exchange one of it spacious flight hangar into makeshift mobile frigate launcher, capable of hosting and delivering frigates support for captain who do want an frigate escort without logistical burden that coming with it.",,,
,,,,,
acs_exteminator,WEAPON,The Exteminator is essentially what if you take a devasator cannon and turn it into offensive weapon capable of shredding exposed hull and detering unshielded frigates from afar.,,,
acs_autothumper,WEAPON,"An straight upgrade to thumper with its ammo feeding mechanism heavily modified and replaced with more advance constant feeding mechanism instead magazine base one coupled with smaller but longer range barrel and flak munition, this gun now serve as excellent deterent to incoming frigate and fighter swarm.",,,
,,,,,
acs_raiderdriveSafe,SHIP_SYSTEM,"Apply damper field, increases weapons firerate, ship speed, and reduces ballistic flux consumption",,,
,,,,,
acs_legion_p,SHIP,"A rare sight among pirates fleet, this seemingly variant of Legion Battlecarrier has undergo significant modification to the hull, particullary its engine who clearly show sign of ripped off atlas engine, This Legion variant are likely procured either from rare spoil of war or one of many derelict Legion Battlecarrier left by remnant of scuttled or mothballed XIV fleet or Domain Navy.",,,
acs_onslaught_p,SHIP,"A rare sight among pirates fleet, this seemingly variant of Onslaught has undergo significant modification to the hull, particullary its engine who clearly show sign of ripped off prometheus, and its heavily modified Autopulse laser in place of TPC, likely there because its original TPC are broken beyond repair, This Onslaught variant are likely procured either from rare spoil of war or one of many derelict Onslaught Battleship left by remnant of scuttled or mothballed XIV fleet or Domain Navy.",,,
acs_foederati,SHIP,"Foederati Modified Line Cruiser, is yet another post-collapse design born out of neccessity and needs, derived many its part from prometheus tanker, this ship is prime example of post-collapse kitbash engineering. Sufficiently armed and armored ship designed to fill the role similar of that Dominator, likely manufactured to be cheaper and more accessible alternative to Dominator Heavy Cruiser.",,,
acs_super_champion,SHIP,"Savvaran Class Elite Cruiser, is direct upgrade to Champion Class Heavy Cruiser, mostly produced in small number due them being in part of larger abandoned project aiming to further modernizing Domain Navy capability. This ship feature more aggressive shipsystem designed to hunt down and outmanuever enemy ship with its Lancer Lunge system.",,,
,,,,,
acs_tarsusmod,SHIP,"Yet another ingenuity born out neccessity, this post-collapse ad-hoc kitbashed ship turn an already sturdy civilian freighter into support warship, capable of bringing heavier weaponry for smaller patrol fleet, while this refit do introduce many upgrades and militarization to this ship, It still suffer from it weak civilian class hull compare to other more dedicated vessel of its class, and perform role more akin to glass cannon fire support than actual ship of line kind of ship.",,,
acs_tarsusmod_carrier,SHIP,"Yet another ingenuity born out neccessity, this post-collapse ad-hoc kitbashed ship turn an already sturdy civilian freighter into support warship, capable of bringing heavier weaponry for smaller patrol fleet, while this refit do introduce many upgrades and militarization to this ship, It still suffer from it weak civilian class hull compare to other more dedicated vessel of its class, and perform role more akin to glass cannon fire support than actual ship of line kind of ship. This one replace its main large mount with dedicated drone hangar hosting various utility, combat, and particullary specialiazed drone that can help in constructing Portable Defense Structure quickly during combat, providing point of defense as well support to other ship in the fleet.",,,
acs_watchtowerfrig,SHIP,"An Portable Defensive Structure Constructed On-site using specialized drone and support vessel, provide Long-range support in form of Artillery shell, and barrage of both automated drone and missile.",,,
,,,,,
acs_watchtowerrailslauncher,WEAPON,A large hangarcapable to launch easy to assembled building package designed to make an PDS.,,,
,,,,,
acs_medium_arty,WEAPON,"A medium size Artillery Cannon capable of shooting large explosive round into great distance, sadly its munition limitation limit its projectile speed to point of how easy it is to avoid even by larger vessel.",,,
acs_izrael_reaper,WEAPON,"Izrael is yet another abandoned project involving Cyclone Reaper Launcher, this seemingly upgrade of Cyclone provide its launcher micro missile-autoforge allowing its greater use in sustained engagement sadly this upgrade take some space in munition storage room and the fact due sheer complexity of producing reaper on-site, the autoforge need really long time to produce single batch of ammo.",,,
acs_medium_squall,WEAPON,"Ballistic equavalent of Squalls MRLS, that in exchage of cheaper and lower ordinance refitting cost, change its originally kinetic anti-shield missile with suppression type of relatively low yield HE missile designed mostly to suppress down it enemy, while its use weaker and more easily destroyed type of missile, the launcher came with missile-autoforge capable of making ammunition real-time to assure usefulness in sustained engagement.",,,
acs_mark10,WEAPON,"Essentially upgrade to Mark IX, Mark X Autocannon remove one of its barrel with more simpler and efficient upgraded single barrel outfitted with rapid-firing mechanism that I predecessor lack, capable of suppressing enemy shield more faster and effective due its longer range and faster firing sequence.",,,
acs_tpc_autopulse,WEAPON,"What appear to be heavily modified Autopulser Cannon, this version of it feature showy, and albeit reckless upgrade to it, using special energy feeder originally intended for onslaught, now refitted to it to provide massive boost in its recharge and damage.",,,
,,,,,
acs_ammofeeddamper,SHIP_SYSTEM,"Apply damper field, increases weapons firerate, and reduces ballistic flux consumption",,,
acs_skirmisherdriveStatsSafe,SHIP_SYSTEM,"Apply damper field, increases ship speed",,,
,,,,,
acs_phaetonmkiv,SHIP,"Yet another modification of Phaeton Tanker, Phaeton Mk IV is essentially more militarized version of it more civilian cousin Phaeton MK II, featuring series of engine and munition upgrade make this ship potent hunter vessel, the shoddy hackjob and modification indicate that design was a pirates origin, or at least the less reputable Indies.

Popular with many mercenary company for its hunter-killer capability and also for more wealthier pirates for obvious reason",,,
acs_promjunkbarge,SHIP,"What appear to be an junk cruiser made out of heavily modified leftlover of promentheus hull, this ship feature generous weapon capability for essentially scavenger deep-space exploration ship, which is one of reason of why it is so popular with less reputable actor of the sector.",,,
,,,,,
acs_onslaught_xiii,SHIP,Placeholder,,,
acs_legion_xiii,SHIP,Placeholder,,,
,,,,,
acs_large_thumper,WEAPON,"Mega Thumper, is one of effort made bt Domain Logisticarum and Ordinance body to develop an large flexible Anti-Air Gun that can both defend it vessel from airborner threat and shoot back to incoming enemy. Using a proven, notoriously robust, and already established Thumper as it base idea, The Logisticarum develop a Mega Thumper, an essentially upsized, more efficient thumper for ship with larger mount. Using the more modern feeding mechanism auto thumper had, this gun can is go-to general purpose gun for large mount vessel.",,,
acs_large_arty,WEAPON,"Larger version of Sethlans Artillery Cannon, this triple barreled Battery offer much more efficient flux system compare to its smaller invidividual ordinary gun.",,,
,,,,,
acs_barnabas,SHIP,"Barnabas Combat Hauler are further development of Tarsus Freighter, A cruiser size armed freighter equipped with decent armor and ordnance with equally good storage compartment make them popular among trader and mercenary alike, even more so post-collapse. Like its little brother, this ship are intended to serve deep in far-flung frontier, both to haul cargo and defend itself when needed, which often subject to conscription by frontier planetary governor to bolster its defense and patrol.",,,
acs_barnabas_p,SHIP,"Barnabas Combat Hauler are further development of Tarsus Freighter, A cruiser size armed freighter equipped with decent armor and ordnance with equally good storage compartment make them popular among trader and mercenary alike, even more so post-collapse. Like its little brother, this ship are intended to serve deep in far-flung frontier, both to haul cargo and defend itself when needed, which often subject to conscription by frontier planetary governor to bolster its defense and patrol. This one obviously show remarkable upgrades by enterprising pirates, turning an already combat capable hauler into fullblown warship, all of it not without cost though, as large weapon mount mounted on front of it force them to replace its omni shield generator with much more older frontal-only shield generator, and fighter autofactory haphazardly slapped into large cargo compartment along with makeshift hangar to make room for fighter wings.",,,
,,,,,
acs_pd_laser,WEAPON,"An alternative of ordinary PD Laser, this version of PD Laser sacrifice it range and suppression capability in exchange for more adequate AA capability, much more closer to its ordinary ballistic counterpart, despite lacking average volume of fire commonly found in ballistic PD, it still perform remarkable well for providing commonly vunerable ship with mostly energy base mount a better capability against missile and fighter attack.",,,
acs_vulcanmk2,WEAPON,"An upgraded variant of ordinary vulcan anti air gun, this triple-linked-barreled AA gun now fitted with much more stronger barrel as well as explosive bullet mainly intended to shredd both fighter and missile alike, mounted on more robust and powerful system to support it capability, yet despite it simplicity it still require more demanding ordnance than its original counterpart.",,,
,,,,,
acs_drone_borer,SHIP,"A more militarized variant of standard civilian borer drones, This version of borer drone replace its mining utility laser with vulcan cannon, either fitted manually or via LPC hacking.",,,
,,,,,
acs_large_hellboredakka,WEAPON,"Hellstorm Revolving Cannon, AKA Hellbore Mk.3, is further development of standard Hellbore Cannon, made by Domain Central Logisticarium Body, at the request of Admiralty of the infamous Domain Third Battlegroup. A triple barreled rotary cannon featuring a rapid-firing mechanism, improved onboard AI and munition feeder, this weapon can reach far more than standard hellbore cannon and able to do suprisingly sustainable hard hitting suppresion salvo at the cost of terrible accuracy in prolonged shot, as well weaker munition to accomondate with more sosphiticated targeting system and barrel, along with more demanding ordnance system.",,,
,,,,,
acs_small_modborerrailslauncher,WEAPON,"A small modular borer drone fabricator, made using a hacked LPC mini autofactory bolted into the machine, capable to spewing out modified version of borer drone outfitted with vulcan cannon, better speed, and fighter AI, capable to provide ad-hoc fighter support to any ship with modular weapon mount.",,,
acs_medium_modborerrailslauncher,WEAPON,"A medium modular borer drone fabricator, made using a hacked LPC mini autofactory bolted into the machine, capable to spewing out modified version of borer drone outfitted with vulcan cannon, better speed, and fighter AI, capable to provide ad-hoc fighter support to any ship with modular weapon mount. This one capable to spew out 3 consecutive drone instantly compare its smaller version.",,,
,,,,,
acs_militianew,SHIP,"An Fully Automated Multi-Role Mechanized Wardroid employed by Explorarium typically used to flood the defender of besieged rebellious world either via drop pod or being fabricated on-site, Militia-class Wardroid is essentially fully automated marine suit designed as Explorarium hands and feet for ground base operation and occupation force, this cold warmachine also fitted with necessary EVA configuration to serve a fighter swarm in fleet engagement, despite being shieldless combatant, it equipped with enough heavy armor typical of Explorarium warmachine, it also make use of its built-in flare launcher to give them window of opportunity against wall of PD. Because it simple design, it micro-autofabricator is small enough to be fitted into modular portable launcher, allowing it to be used in ship with any mount as ad-hoc support fighter",,,
acs_medium_militianewrailslauncher,WEAPON,"A portable micro-autofabricator capable to churning out unit after unit of Militia-class Automated Wardroid, it simple and modular design allowing its use on any weapon mount, able to give any ship an ad-hoc fighter support on-demand",,,
,,,,,
acs_large_guardpostrail,WEAPON,"A rather complicated set of device that maintain, manufacture, and deploying pre-assembled Guardpost Defensive Platform, all in one ""small"" portable package, allowing it use in any ship capable mounting designated weapon type.",,,
acs_guardpostfrig,SHIP,"A pre-assembled portable defensive platform designed to guard point of interest, while simultaneously able to provide long range support with it swarm of Borer (B) drone build using its built-in mini autofabricator.

Armed with built-in exterminator cannon, a single PD turret, and mounted Pesticle SRM, this platform designed to keep lone enemy frigates from capturing essential point of interest far from frontline",,,
,,,,,
acs_sumpter,SHIP,"A cute tiny cargo hauler that look more like a flying trasheap that come out straight from deeps of salvage yards.

 Sumpter, its tiny COZY cargo hauler capable of atmospheric landing that seemingly made out a hab-module with engine strapped into it, a spaceborne vessel with very VERY generous logistical requirement with almost equally GENEROUS perfomance and basic life support issue, who its users often call an ""unnecessary"" feature.
 
A vessl so questionable that Hegemony authority have an issue with it basic classification, hovering back and forth between ""Frigates"" or ""Shuttle"", because despite how tiny this vessel are, it somehow capable of having medium size weapon mouth crammed into its hulls, an HYBRID mount nonetheless seemingly intended to hold both mining blaster (as if it can fire it anyway) and ""gun"" to deter invader away (lol).

It also somehow able to hold suprisingly big amount of storage capacity, it even have build-in DRONE AUTOFACTORY (albeit very tiny and few drone), that can be used to help with mining and moving the cargo around, with cozy view for its user to eat ice sundae while waiting for its mining drones finish gathering the mineral.

Its origin is as obscure as its creator, allegedly developed around late pioneering period by group of disgruntled settler who frustrated by the fact they had to lives their ENTIRE lives in same metal box in some god forgotten station, for generation and generation to come, and finally develop this abomination so that they can roam free (lol) from place to place instead being bounded to their accursed birthplace until the end of their lives.

Allegedly those same group of pioneer also happen to be among the first, victim of space piracy in lawless area of the frontier, right the moment they step out from navy zone of patrol. 

This vessel has become staple for small time miner, and diehard nomad and pioneer, who prefer to be moving from place to place instead being constrained in one place, regarding it more of mobile nomadic home than simple flying piece of trash.",,,
acs_revelation_lp,SHIP,"""Desecrator of False Idol""",,,
,,,,,
acs_palatine,SHIP,"A fearsome multi-role battlecruiser, a byproduct of failed modernization program an end result of Domain attempt at combining Legion and Onslaught into single ship, and prime example of Logisticarum attempt to achieve brutal logistical efficenty and simplicity.

A Palatine, is essentially an attempt by Domain Navy, to further maximize its brutal logistical efficenty to the limit, mostly by combining Legion and Onslaught into a single vessel capable to fulfill both role of main Capital Battleship and Battle Carrier, initially aiming to eventually replace both Onslaught and Legion as main battleship of Domain Navy.

However, by the time its project finish, the doctrinal trend is already shifting to that of ""Middle"" style ship, pushed by proponent of ""Cruiser School"" faction with domain admirality, Palatine which backed by people from ""Old Man"" of armada, naturally end up being rejected, in favor of more ""Modern"" and experimental design like Conquest Battleship, citing its lack of specialization and mobility.

This despite the fact that Palatine is equipped with experimental ""Flux Jump"" system, an ""Old Man"" of armada answer to one of ""Cruiser School"" main critism of old doctrine lack of mobility, An mobility system that allow it vessel to quickly re-positioning itself to go back and forth, allowing it vesself to quickly retreat or positioning itself to back of the line or other strategic position within fleet formation.

As byproduct of failed modernization attempt, Palatine Class Battleship quickly sweep under rugs with advent of ages of ""Cruiser School"" vessel come to forfront, severely limited it production and adoption, only finding its place in few battlegroups that value its brutal logistical efficenty and multi-role capability within their doctrinal stratagem.",,,
acs_palatine_p,SHIP,"A very rare sight among pirates fleet, this seemingly variant of Palatine Battlecruiser has undergo significant modification to the hull, particullary its engine who clearly show sign of ripped off atlas engine, This Legion variant are likely procured either from rare spoil of war or scavenged from one of many derelict Palatine Battlecruiser left by remnant of scuttled or mothballed vessel Domain Navy.

A fearsome multi-role battlecruiser, a byproduct of failed modernization program an end result of Domain attempt at combining Legion and Onslaught into single ship, and prime example of Logisticarum attempt to achieve brutal logistical efficenty and simplicity.

A Palatine, is essentially an attempt by Domain Navy, to further maximize its brutal logistical efficenty to the limit, mostly by combining Legion and Onslaught into a single vessel capable to fulfill both role of main Capital Battleship and Battle Carrier, initially aiming to eventually replace both Onslaught and Legion as main battleship of Domain Navy.

However, by the time its project finish, the doctrinal trend is already shifting to that of ""Middle"" style ship, pushed by proponent of ""Cruiser School"" faction with domain admirality, Palatine which backed by people from ""Old Man"" of armada, naturally end up being rejected, in favor of more ""Modern"" and experimental design like Conquest Battleship, citing its lack of specialization and mobility.

This despite the fact that Palatine is equipped with experimental ""Flux Jump"" system, an ""Old Man"" of armada answer to one of ""Cruiser School"" main critism of old doctrine lack of mobility, An mobility system that allow it vessel to quickly re-positioning itself to go back and forth, allowing it vesself to quickly retreat or positioning itself to back of the line or other strategic position within fleet formation.

As byproduct of failed modernization attempt, Palatine Class Battleship quickly sweep under rugs with advent of ages of ""Cruiser School"" vessel come to forfront, severely limited it production and adoption, only finding its place in few battlegroups that value its brutal logistical efficenty and multi-role capability within their doctrinal stratagem.",,,
,,,,,
acs_fluxdistributor,SHIP_SYSTEM,Vents 50% of ballistic flux usage into an engine injector to increase speed temporarily. Also functions as a temporary flux shunt and increases dissipation.,,,
acs_advburndrive,SHIP_SYSTEM,"Curious drive system that allow its vessel to freel ""jump"" into certain distance regardless of position",,,
acs_degraded_damper,SHIP_SYSTEM,"Apply Damper Field, has few charges and long recharge time",,,
,,,,,
acs_skirmisherdriveStats,SHIP_SYSTEM,"Apply damper field, increases ship speed, break engine and weapon system few second after system end",,,
,,,,,
acs_phaseteleporter,SHIP_SYSTEM,Instantly Teleport to Certain Distance.,,,
,,,,,
acs_minilocust_single,WEAPON,"Pesticle SRM is essentially a minified locust missile launcher, capable to bursting good amount of missile, mostly to deter incoming hostiles rather than to do any meaningful damages.",,,
,,,,,
acs_optio,SHIP,"Optio in essence, is a more of defensive upgrade and variant of Centurion Heavy Frigates, A part of yet another failed project aim to modernize the aging and outdated Domain Navy fleets.

Originally intended to better serve as Defensive Escort Frigate for fleets of Onslaughts and Legion, a mobile enough frigates to withstand and hold the line from swarms of flanking frigates, and thick enough frigates to able to hold its own ground against enemy destroyer.

All those defensive upgrades turns this already robust frigates into ""Ideal"" Defense Escort Frigates, this however came at cost of severely limited but more manuverable engine, and removal of original Damper Field system to make room for stronger shield generator, it also removes 2 of its side small ballistic mount in favor of heavier armor and thicker hulls, in exchange of all that is additional medium hybrid frontal hardpoint, and small defensive drone bay, to assist them in defending and supporting allied vessels.

With advent of ""Cruiser Schools"" doctrine, this vessels end up largely abandoned in favor of its more faster and versatile predecessor, lacking use of dedicated armored escort frigate that barely able to keep up with more ""Midline"" esque capital that its escort, only find it use in battlegroup that still haven't adopt new official doctrine.",,,
acs_drone_hastati,SHIP,"Hastati is dedicated defensive drone, originally intended to use for Optio Class Heavy Defensive Frigates, Equipped with quite strong omni shield generator, a fast engine, decently thick armor and hulls, make this drone versatile support fighters, sadly however because its intended nature as defensive fighters, it only armed with PD Laser and relative weak Pulsed PD Laser, intende mainly to harrass invading assailant or support allied vessels in need.",,,
acs_smallrotarygatling,WEAPON,"Triple Barreled Light Rotary Autocannon able to provide sustained stream of anti-shield kinetic slug against enemy shield, have slight weaker shell compare standard autocannon and less accuracy on longer range during prolonged fire, the onboard AI also equipped with PD system to be able to also Anti-Air weapon against enemy fighter and missile though it quite bad at that role.",,,
acs_smallrotarygatlingthumper,WEAPON,"Triple Barreled Light Rotary Autothumper is probably the smallest of Autothumper family, a general purpose defensive weapon capable of both suppress enemy vessel with its slow but sustained fire of heavy frag bullet, and defend its vessel from Airborne threat from afar albeit much less effective and accurate compare its more dedicated PD weapon like vulcan, due its slow but sustained rate of fire and general loss of accuracy in prolonged firing and longer distance, its flaw in PD role its much noticeable when countering swarm of missile and fighter en masse.",,,
acs_smallderelicdrone,SHIP,"Lentaka Defense Drone, an automated light interceptor drone armed with single Light Autothumper.",,,
,,,,,
acs_junkhubship_module,SHIP,"A lumbering behemoth of bygone era, cherished and maintained to modern standard by those who call this vessel their home.

Voidfaring ships, as the name implies, is a type of ship that designed to cross the abyss of space without the help of gates system. likely derived from ship of the era where convenient long range transportation device such as gates havent invented. Djoeng Class Voidfaring Hubship is designed to be a traveling colony or pioneering vessels first and foremost, carrying with them the entire colony and its people to set out to the unknown to find their new home, or simply living their entire lives as travelling colony fleet, never stay too long in one place and always moving alone.

While this class of ship was never meant to go alone without numerous escort and companion fleet following them. It nonetheless equipped with suficient amount of armament and armor, a station grade advance targeting system, indepedent shield module, and whole dedicated gantry to host, maintain, and create smaller vessel, providing huge logistic support to entire fleets with its existence alone. This kind of ship also typically able to churn out quite large defensive drone frigates at once during combat, and construct stationary emplacement mid battle. Making this kind of ship never truly alone even if its isolated.",,,
acs_angryhauler,SHIP,"A final iteration of Tarsus Freighter family, Expedition is essentially a full-blown war freighter, often seen in most hostile of Domain Frontier, it carry respectful amount of fuel and storage capacity while simulateously able to act as fire support vessel during unwanted engagement.

Expedition-Class War Hauler its final evolution of Tarsus line of freighter, made by the same company who design both Tarsus and Barnabas, specifically designed to be deployed alongside combat vessel in area of intense active conflict in fringe of Domain frontier, its tough armor and respectable armament ensure steady supply of resource and fuel much needed in dangerous part of Domain space. It is said that after the company who made Tarsus and Barnabas manages to acquire license to produce and modify Atlas-Class Superfreighter, their engineer quickly design new Capital class Combat Freighter designed to withstand all kind of threat that it will face in active warzone, fullfilling the demand for tough and dependable large freighter that can safely transport vital material and resource needed in middle of the warzone.",,,
,,,,,
acs_angrymookfrig,SHIP,"An automated deployable heavy destroyer armed with single hellbore cannon, a chain thumper, and couple off suppression and attack missile.

It also has a large enough hangar to host couple of Lentaka Automated Defense Drone Wings. Because its nature as short range automated defense vessel it didnt equipped with necessary drive field to travel from star to star, but just enough drive to be an support vessel during engagment.",,,
,,,,,
acs_angrymookrailslauncher,WEAPON,An automated launcher that contain self-assembling device to create Parit Heavy Defense Drone.,,,
,,,,,
acs_medium_pillumfastah,WEAPON,"Manjanik Long Range Bombarment Missile, is designed as alternative of Pillum LRM, favoring speed and stronger missile warhead in exchange of lack any short of EMP effect and fragmentation filled warhead instead high explosives",,,
acs_medium_katyusha,WEAPON,"Katjuscha Rocket Launcher Platform designed first and foremost as short range bombarment rocket, capable of launching dozen of rocket salvo at its enemy in quick succession.

It is however sadly hold back by it obnoxious ammunition microforge and incapable of doing any meaningful damages after its ammo runs out due the previously mentioned problem about its ammunition microforge and lack of high explosives warhead.",,,
,,,,,
acs_small_pillumfastah,WEAPON,"Smaller version of Manjanik LRM, only capable of performing 2-round burst instead the usual 4, decrease of internal ammo storage, and unreliable ammunition feeder even wrose than its standard counterpart

Manjanik Long Range Bombarment Missile, is designed as alternative of Pillum LRM, favoring speed and stronger missile warhead in exchange of lack any short of EMP effect and fragmentation filled warhead instead high explosives",,,
acs_small_katyusha,WEAPON,"Smaller version of Katjuscha SRM, only capable of performing 6-round burst instead the usual 12, decrease of internal ammo storage, and unreliable ammunition feeder even wrose than its standard counterpart

Katjuscha Rocket Launcher Platform designed first and foremost as short range bombarment rocket, capable of launching dozen of rocket salvo at its enemy in quick succession.

It is however sadly hold back by it obnoxious ammunition microforge and incapable of doing any meaningful damages after its ammo runs out due the previously mentioned problem about its ammunition microforge and lack of high explosives warhead.",,,
,,,,,
,,,,,
,,,,,
,,,,,
,,,,,
,,,,,
,,,,,
,,,,,
,,,,,
,,,,,
,,,,,
,,,,,
,,,,,
,,,,,
,,,,,
,,,,,
,,,,,
,,,,,
,,,,,
,,,,,
,,,,,
,,,,,
,,,,,
